{"placements":[{"x":1263.9999275928142,"y":3243.3434633918314},{"x":1263.9925362235742,"y":2485.7680659549073},{"x":1263.6864435188677,"y":3220.1956339305257}]}