{
  "placements": [
    {"x": 1263.973985, "y": 3243.676426},
    {"x": 1263.995397, "y": 2485.929247},
    {"x": 1263.640145, "y": 3220.478938}
  ]
}
