{
  "placements": [
    {"x": 1739.221331, "y": 1172.009413},
    {"x": 1257.097285, "y": 1566.995544}
  ]
}
