{"placements":[{"x":1741.8033660924984,"y":1172.0},{"x":1731.8033473785997,"y":1172.0}]}