{"placements":[{"x":1739.0008438155196,"y":1172.000101583731},{"x":1256.7675771191514,"y":1566.9991050323292}]}