{"placements": [{"x": 1264.0, "y": 3243.1080718846333}, {"x": 1264.0, "y": 2486.15617787934}, {"x": 1263.658208233893, "y": 3220.0941708892115}], "volumes": [10.0, 10.0, 10.0]}