{"placements":[{"x":1736.2342646978407,"y":1172.0},{"x":1746.234696783925,"y":1172.0}]}