{"placements":[{"x":1264.0,"y":3242.0490653774323},{"x":1264.0,"y":2485.9822366699327},{"x":1263.7225550894445,"y":3218.7094079860285}]}