{"placements":[{"x":1738.9893188514254,"y":1172.0},{"x":1256.749253169015,"y":1567.0}]}