{"placements":[{"x":1741.8036358919917,"y":1172.0},{"x":1731.8036358627521,"y":1172.0}]}