{"placements":[{"x":1263.9998384090663,"y":3243.1095214516668},{"x":1264.0,"y":2486.1568173838564},{"x":1263.6604652620226,"y":3220.0842526297524}]}