{"placements":[{"x":1264.0,"y":3243.1085588368865},{"x":1264.0,"y":2485.960433660987},{"x":1263.6604652620226,"y":3220.0842526297524}]}